fluid,region,pressure_MPa,T_C,row_type,v_m3_kg,u_kJ_kg,h_kJ_kg,s_kJ_kg_K,source_table,source_page
water,superheated,0.01,Sat.,saturated_reference,14.670,2437.2,2583.9,8.1488,A-6,12
water,superheated,0.05,Sat.,saturated_reference,3.2403,2483.2,2645.2,7.5931,A-6,12
water,superheated,0.10,Sat.,saturated_reference,1.6941,2505.6,2675.0,7.3589,A-6,12
water,superheated,0.01,50,superheated,14.867,2443.3,2592.0,8.1741,A-6,12
water,superheated,0.01,100,superheated,17.196,2515.5,2687.5,8.4489,A-6,12
water,superheated,0.05,100,superheated,3.4187,2511.5,2682.4,7.6953,A-6,12
water,superheated,0.10,100,superheated,1.6959,2506.2,2675.8,7.3611,A-6,12
water,superheated,0.01,150,superheated,19.513,2587.9,2783.0,8.6893,A-6,12
water,superheated,0.05,150,superheated,3.8897,2585.7,2780.2,7.9413,A-6,12
water,superheated,0.10,150,superheated,1.9367,2582.9,2776.6,7.6148,A-6,12
water,superheated,0.01,200,superheated,21.826,2661.4,2879.6,8.9049,A-6,12
water,superheated,0.05,200,superheated,4.3562,2660.0,2877.8,8.1592,A-6,12
water,superheated,0.10,200,superheated,2.1724,2658.2,2875.5,7.8356,A-6,12
water,superheated,0.01,250,superheated,24.136,2736.1,2977.5,9.1015,A-6,12
water,superheated,0.05,250,superheated,4.8206,2735.1,2976.2,8.3568,A-6,12
water,superheated,0.10,250,superheated,2.4062,2733.9,2974.5,8.0346,A-6,12
water,superheated,0.01,300,superheated,26.446,2812.3,3076.7,9.2827,A-6,12
water,superheated,0.05,300,superheated,5.2841,2811.6,3075.8,8.5387,A-6,12
water,superheated,0.10,300,superheated,2.6389,2810.7,3074.5,8.2172,A-6,12
water,superheated,0.01,400,superheated,31.063,2969.3,3280.0,9.6094,A-6,12
water,superheated,0.05,400,superheated,6.2094,2968.9,3279.3,8.8659,A-6,12
water,superheated,0.10,400,superheated,3.1027,2968.3,3278.6,8.5452,A-6,12
water,superheated,0.01,500,superheated,35.680,3132.9,3489.7,9.8998,A-6,12
water,superheated,0.05,500,superheated,7.1338,3132.6,3489.3,9.1566,A-6,12
water,superheated,0.10,500,superheated,3.5655,3132.2,3488.7,8.8362,A-6,12
water,superheated,0.01,600,superheated,40.296,3303.3,3706.3,10.1631,A-6,12
water,superheated,0.05,600,superheated,8.0577,3303.1,3706.0,9.4201,A-6,12
water,superheated,0.10,600,superheated,4.0279,3302.8,3705.6,9.0999,A-6,12
water,superheated,0.01,700,superheated,44.911,3480.8,3929.9,10.4056,A-6,12
water,superheated,0.05,700,superheated,8.9813,3480.6,3929.7,9.6626,A-6,12
water,superheated,0.10,700,superheated,4.4900,3480.4,3929.4,9.3424,A-6,12
water,superheated,0.01,800,superheated,49.527,3665.4,4160.6,10.6312,A-6,12
water,superheated,0.05,800,superheated,9.9047,3665.2,4160.4,9.8883,A-6,12
water,superheated,0.10,800,superheated,4.9519,3665.0,4160.2,9.5682,A-6,12
water,superheated,0.01,900,superheated,54.143,3856.9,4398.3,10.8429,A-6,12
water,superheated,0.05,900,superheated,10.8280,3856.8,4398.2,10.1000,A-6,12
water,superheated,0.10,900,superheated,5.4137,3856.7,4398.0,9.7800,A-6,12
water,superheated,0.01,1000,superheated,58.758,4055.3,4642.8,11.0429,A-6,12
water,superheated,0.05,1000,superheated,11.7513,4055.2,4642.7,10.3000,A-6,12
water,superheated,0.10,1000,superheated,5.8755,4055.0,4642.6,9.9800,A-6,12
water,superheated,0.01,1100,superheated,63.373,4260.0,4893.8,11.2326,A-6,12
water,superheated,0.05,1100,superheated,12.6745,4259.9,4893.7,10.4897,A-6,12
water,superheated,0.10,1100,superheated,6.3372,4259.8,4893.6,10.1698,A-6,12
water,superheated,0.01,1200,superheated,67.989,4470.9,5150.8,11.4132,A-6,12
water,superheated,0.05,1200,superheated,13.5977,4470.8,5150.7,10.6704,A-6,12
water,superheated,0.10,1200,superheated,6.7988,4470.7,5150.6,10.3504,A-6,12
water,superheated,0.01,1300,superheated,72.604,4687.4,5413.4,11.5857,A-6,12
water,superheated,0.05,1300,superheated,14.5209,4687.3,5413.3,10.8429,A-6,12
water,superheated,0.10,1300,superheated,7.2605,4687.2,5413.3,10.5229,A-6,12
water,superheated,0.20,Sat.,saturated_reference,0.88578,2529.1,2706.3,7.1270,A-6,12
water,superheated,0.30,Sat.,saturated_reference,0.60582,2543.2,2724.9,6.9917,A-6,12
water,superheated,0.40,Sat.,saturated_reference,0.46242,2553.1,2738.1,6.8955,A-6,12
water,superheated,0.20,150,superheated,0.95986,2577.1,2769.1,7.2810,A-6,12
water,superheated,0.30,150,superheated,0.63402,2571.0,2761.2,7.0792,A-6,12
water,superheated,0.40,150,superheated,0.47088,2564.4,2752.8,6.9306,A-6,12
water,superheated,0.20,200,superheated,1.08049,2654.6,2870.7,7.5081,A-6,12
water,superheated,0.30,200,superheated,0.71643,2651.0,2865.9,7.3132,A-6,12
water,superheated,0.40,200,superheated,0.53434,2647.2,2860.9,7.1723,A-6,12
water,superheated,0.20,250,superheated,1.19890,2731.4,2971.2,7.7100,A-6,12
water,superheated,0.30,250,superheated,0.79645,2728.9,2967.9,7.5180,A-6,12
water,superheated,0.40,250,superheated,0.59520,2726.4,2964.5,7.3804,A-6,12
water,superheated,0.20,300,superheated,1.31623,2808.8,3072.1,7.8941,A-6,12
water,superheated,0.30,300,superheated,0.87535,2807.0,3069.6,7.7037,A-6,12
water,superheated,0.40,300,superheated,0.65489,2805.1,3067.1,7.5677,A-6,12
water,superheated,0.20,400,superheated,1.54934,2967.2,3277.0,8.2236,A-6,12
water,superheated,0.30,400,superheated,1.03155,2966.0,3275.5,8.0347,A-6,12
water,superheated,0.40,400,superheated,0.77265,2964.9,3273.9,7.9003,A-6,12
water,superheated,0.20,500,superheated,1.78142,3131.4,3487.7,8.5153,A-6,12
water,superheated,0.30,500,superheated,1.18672,3130.6,3486.6,8.3271,A-6,12
water,superheated,0.40,500,superheated,0.88936,3129.8,3485.5,8.1933,A-6,12
water,superheated,0.20,600,superheated,2.01302,3302.2,3704.8,8.7793,A-6,12
water,superheated,0.30,600,superheated,1.34139,3301.6,3704.0,8.5915,A-6,12
water,superheated,0.40,600,superheated,1.00558,3301.0,3703.3,8.4580,A-6,12
water,superheated,0.20,700,superheated,2.24434,3479.9,3928.8,9.0221,A-6,12
water,superheated,0.30,700,superheated,1.49580,3479.5,3928.2,8.8345,A-6,12
water,superheated,0.40,700,superheated,1.12152,3479.0,3927.6,8.7012,A-6,12
water,superheated,0.20,800,superheated,2.47550,3664.7,4159.8,9.2479,A-6,12
water,superheated,0.30,800,superheated,1.65004,3664.3,4159.3,9.0605,A-6,12
water,superheated,0.40,800,superheated,1.23730,3663.9,4158.9,8.9274,A-6,12
water,superheated,0.20,900,superheated,2.70656,3856.3,4397.7,9.4598,A-6,12
water,superheated,0.30,900,superheated,1.80417,3856.0,4397.3,9.2725,A-6,12
water,superheated,0.40,900,superheated,1.35298,3855.7,4396.9,9.1394,A-6,12
water,superheated,0.20,1000,superheated,2.93755,4054.8,4642.3,9.6599,A-6,12
water,superheated,0.30,1000,superheated,1.95824,4054.5,4642.0,9.4726,A-6,12
water,superheated,0.40,1000,superheated,1.46859,4054.3,4641.7,9.3396,A-6,12
water,superheated,0.20,1100,superheated,3.16848,4259.6,4893.3,9.8497,A-6,12
water,superheated,0.30,1100,superheated,2.11226,4259.4,4893.1,9.6624,A-6,12
water,superheated,0.40,1100,superheated,1.58414,4259.2,4892.9,9.5295,A-6,12
water,superheated,0.20,1200,superheated,3.39938,4470.5,5150.4,10.0304,A-6,12
water,superheated,0.30,1200,superheated,2.26624,4470.3,5150.2,9.8431,A-6,12
water,superheated,0.40,1200,superheated,1.69966,4470.2,5150.0,9.7102,A-6,12
water,superheated,0.20,1300,superheated,3.63026,4687.1,5413.1,10.2029,A-6,12
water,superheated,0.30,1300,superheated,2.42019,4686.9,5413.0,10.0157,A-6,12
water,superheated,0.40,1300,superheated,1.81516,4686.7,5412.8,9.8828,A-6,12
water,superheated,0.50,Sat.,saturated_reference,0.37483,2560.7,2748.1,6.8207,A-6,12
water,superheated,0.60,Sat.,saturated_reference,0.31560,2566.8,2756.2,6.7593,A-6,12
water,superheated,0.80,Sat.,saturated_reference,0.24035,2576.0,2768.3,6.6616,A-6,12
water,superheated,0.50,200,superheated,0.42503,2643.3,2855.8,7.0610,A-6,12
water,superheated,0.60,200,superheated,0.35212,2639.4,2850.6,6.9683,A-6,12
water,superheated,0.80,200,superheated,0.26088,2631.1,2839.8,6.8177,A-6,12
water,superheated,0.50,250,superheated,0.47443,2723.8,2961.0,7.2725,A-6,12
water,superheated,0.60,250,superheated,0.39390,2721.2,2957.6,7.1833,A-6,12
water,superheated,0.80,250,superheated,0.29321,2715.9,2950.4,7.0402,A-6,12
water,superheated,0.50,300,superheated,0.52261,2803.3,3064.6,7.4614,A-6,12
water,superheated,0.60,300,superheated,0.43442,2801.4,3062.0,7.3740,A-6,12
water,superheated,0.80,300,superheated,0.32416,2797.5,3056.9,7.2345,A-6,12
water,superheated,0.50,350,superheated,0.57015,2883.0,3168.1,7.6346,A-6,12
water,superheated,0.60,350,superheated,0.47428,2881.6,3166.1,7.5481,A-6,12
water,superheated,0.80,350,superheated,0.35442,2878.6,3162.2,7.4107,A-6,12
water,superheated,0.50,400,superheated,0.61731,2963.7,3272.4,7.7956,A-6,12
water,superheated,0.60,400,superheated,0.51374,2962.5,3270.8,7.7097,A-6,12
water,superheated,0.80,400,superheated,0.38429,2960.2,3267.7,7.5735,A-6,12
water,superheated,0.50,500,superheated,0.71095,3129.0,3484.5,8.0893,A-6,12
water,superheated,0.60,500,superheated,0.59200,3128.2,3483.4,8.0041,A-6,12
water,superheated,0.80,500,superheated,0.44332,3126.6,3481.3,7.8692,A-6,12
water,superheated,0.50,600,superheated,0.80409,3300.4,3702.5,8.3544,A-6,12
water,superheated,0.60,600,superheated,0.66976,3299.8,3701.7,8.2695,A-6,12
water,superheated,0.80,600,superheated,0.50186,3298.7,3700.1,8.1354,A-6,12
water,superheated,0.50,700,superheated,0.89696,3478.6,3927.0,8.5978,A-6,12
water,superheated,0.60,700,superheated,0.74725,3478.1,3926.4,8.5132,A-6,12
water,superheated,0.80,700,superheated,0.56011,3477.2,3925.3,8.3794,A-6,12
water,superheated,0.50,800,superheated,0.98966,3663.6,4158.4,8.8240,A-6,12
water,superheated,0.60,800,superheated,0.82457,3663.2,4157.9,8.7395,A-6,12
water,superheated,0.80,800,superheated,0.61820,3662.5,4157.0,8.6061,A-6,12
water,superheated,0.50,900,superheated,1.08227,3855.4,4396.6,9.0362,A-6,12
water,superheated,0.60,900,superheated,0.90179,3855.1,4396.2,8.9518,A-6,12
water,superheated,0.80,900,superheated,0.67619,3854.5,4395.5,8.8185,A-6,12
water,superheated,0.50,1000,superheated,1.17480,4054.0,4641.4,9.2364,A-6,12
water,superheated,0.60,1000,superheated,0.97893,4053.8,4641.1,9.1521,A-6,12
water,superheated,0.80,1000,superheated,0.73411,4053.3,4640.5,9.0189,A-6,12
water,superheated,0.50,1100,superheated,1.26728,4259.0,4892.6,9.4263,A-6,12
water,superheated,0.60,1100,superheated,1.05603,4258.8,4892.4,9.3420,A-6,12
water,superheated,0.80,1100,superheated,0.79197,4258.3,4891.9,9.2090,A-6,12
water,superheated,0.50,1200,superheated,1.35972,4470.0,5149.8,9.6071,A-6,12
water,superheated,0.60,1200,superheated,1.13309,4469.8,5149.6,9.5229,A-6,12
water,superheated,0.80,1200,superheated,0.84980,4469.4,5149.3,9.3898,A-6,12
water,superheated,0.50,1300,superheated,1.45214,4686.6,5412.6,9.7797,A-6,12
water,superheated,0.60,1300,superheated,1.21012,4686.4,5412.5,9.6955,A-6,12
water,superheated,0.80,1300,superheated,0.90761,4686.1,5412.2,9.5625,A-6,12
water,superheated,1.00,Sat.,saturated_reference,0.19437,2582.8,2777.1,6.5850,A-6,13
water,superheated,1.20,Sat.,saturated_reference,0.16326,2587.8,2783.8,6.5217,A-6,13
water,superheated,1.40,Sat.,saturated_reference,0.14078,2591.8,2788.9,6.4675,A-6,13
water,superheated,1.00,200,superheated,0.20602,2622.3,2828.3,6.6956,A-6,13
water,superheated,1.20,200,superheated,0.16934,2612.9,2816.1,6.5909,A-6,13
water,superheated,1.40,200,superheated,0.14303,2602.7,2803.0,6.4975,A-6,13
water,superheated,1.00,250,superheated,0.23275,2710.4,2943.1,6.9265,A-6,13
water,superheated,1.20,250,superheated,0.19241,2704.7,2935.6,6.8313,A-6,13
water,superheated,1.40,250,superheated,0.16356,2698.9,2927.9,6.7488,A-6,13
water,superheated,1.00,300,superheated,0.25799,2793.7,3051.6,7.1246,A-6,13
water,superheated,1.20,300,superheated,0.21386,2789.7,3046.3,7.0335,A-6,13
water,superheated,1.40,300,superheated,0.18233,2785.7,3040.9,6.9553,A-6,13
water,superheated,1.00,350,superheated,0.28250,2875.7,3158.2,7.3029,A-6,13
water,superheated,1.20,350,superheated,0.23455,2872.7,3154.2,7.2139,A-6,13
water,superheated,1.40,350,superheated,0.20029,2869.7,3150.1,7.1379,A-6,13
water,superheated,1.00,400,superheated,0.30661,2957.9,3264.5,7.4670,A-6,13
water,superheated,1.20,400,superheated,0.25482,2955.5,3261.3,7.3793,A-6,13
water,superheated,1.40,400,superheated,0.21782,2953.1,3258.1,7.3046,A-6,13
water,superheated,1.00,500,superheated,0.35411,3125.0,3479.1,7.7642,A-6,13
water,superheated,1.20,500,superheated,0.29464,3123.4,3477.0,7.6779,A-6,13
water,superheated,1.40,500,superheated,0.25216,3121.8,3474.8,7.6047,A-6,13
water,superheated,1.00,600,superheated,0.40111,3297.5,3698.6,8.0311,A-6,13
water,superheated,1.20,600,superheated,0.33395,3296.3,3697.0,7.9456,A-6,13
water,superheated,1.40,600,superheated,0.28597,3295.1,3695.5,7.8730,A-6,13
water,superheated,1.00,700,superheated,0.44783,3476.3,3924.1,8.2755,A-6,13
water,superheated,1.20,700,superheated,0.37297,3475.3,3922.9,8.1904,A-6,13
water,superheated,1.40,700,superheated,0.31951,3474.4,3921.7,8.1183,A-6,13
water,superheated,1.00,800,superheated,0.49438,3661.7,4156.1,8.5024,A-6,13
water,superheated,1.20,800,superheated,0.41184,3661.0,4155.2,8.4176,A-6,13
water,superheated,1.40,800,superheated,0.35288,3660.3,4154.3,8.3458,A-6,13
water,superheated,1.00,900,superheated,0.54083,3853.9,4394.8,8.7150,A-6,13
water,superheated,1.20,900,superheated,0.45059,3853.3,4394.0,8.6303,A-6,13
water,superheated,1.40,900,superheated,0.38614,3852.7,4393.3,8.5587,A-6,13
water,superheated,1.00,1000,superheated,0.58721,4052.7,4640.0,8.9155,A-6,13
water,superheated,1.20,1000,superheated,0.48928,4052.2,4639.4,8.8310,A-6,13
water,superheated,1.40,1000,superheated,0.41933,4051.7,4638.8,8.7595,A-6,13
water,superheated,1.00,1100,superheated,0.63354,4257.9,4891.4,9.1057,A-6,13
water,superheated,1.20,1100,superheated,0.52792,4257.5,4891.0,9.0212,A-6,13
water,superheated,1.40,1100,superheated,0.45247,4257.0,4890.5,8.9497,A-6,13
water,superheated,1.00,1200,superheated,0.67983,4469.0,5148.9,9.2866,A-6,13
water,superheated,1.20,1200,superheated,0.56652,4468.7,5148.5,9.2022,A-6,13
water,superheated,1.40,1200,superheated,0.48558,4468.3,5148.1,9.1308,A-6,13
water,superheated,1.00,1300,superheated,0.72610,4685.8,5411.9,9.4593,A-6,13
water,superheated,1.20,1300,superheated,0.60509,4685.5,5411.6,9.3750,A-6,13
water,superheated,1.40,1300,superheated,0.51866,4685.1,5411.3,9.3036,A-6,13
water,superheated,1.60,Sat.,saturated_reference,0.12374,2594.8,2792.8,6.4200,A-6,13
water,superheated,1.80,Sat.,saturated_reference,0.11037,2597.3,2795.9,6.3775,A-6,13
water,superheated,2.00,Sat.,saturated_reference,0.09959,2599.1,2798.3,6.3390,A-6,13
water,superheated,1.60,225,superheated,0.13293,2645.1,2857.8,6.5537,A-6,13
water,superheated,1.80,225,superheated,0.11678,2637.0,2847.2,6.4825,A-6,13
water,superheated,2.00,225,superheated,0.10381,2628.5,2836.1,6.4160,A-6,13
water,superheated,1.60,250,superheated,0.14190,2692.9,2919.9,6.6753,A-6,13
water,superheated,1.80,250,superheated,0.12502,2686.7,2911.7,6.6088,A-6,13
water,superheated,2.00,250,superheated,0.11150,2680.3,2903.3,6.5475,A-6,13
water,superheated,1.60,300,superheated,0.15866,2781.6,3035.4,6.8864,A-6,13
water,superheated,1.80,300,superheated,0.14025,2777.4,3029.9,6.8246,A-6,13
water,superheated,2.00,300,superheated,0.12551,2773.2,3024.2,6.7684,A-6,13
water,superheated,1.60,350,superheated,0.17459,2866.6,3146.0,7.0713,A-6,13
water,superheated,1.80,350,superheated,0.15460,2863.6,3141.9,7.0120,A-6,13
water,superheated,2.00,350,superheated,0.13860,2860.5,3137.7,6.9583,A-6,13
water,superheated,1.60,400,superheated,0.19007,2950.8,3254.9,7.2394,A-6,13
water,superheated,1.80,400,superheated,0.16849,2948.3,3251.6,7.1814,A-6,13
water,superheated,2.00,400,superheated,0.15122,2945.9,3248.4,7.1292,A-6,13
water,superheated,1.60,500,superheated,0.22029,3120.1,3472.6,7.5410,A-6,13
water,superheated,1.80,500,superheated,0.19551,3118.5,3470.4,7.4845,A-6,13
water,superheated,2.00,500,superheated,0.17568,3116.9,3468.3,7.4337,A-6,13
water,superheated,1.60,600,superheated,0.24999,3293.9,3693.9,7.8101,A-6,13
water,superheated,1.80,600,superheated,0.22200,3292.7,3692.3,7.7543,A-6,13
water,superheated,2.00,600,superheated,0.19962,3291.5,3690.7,7.7043,A-6,13
water,superheated,1.60,700,superheated,0.27941,3473.5,3920.5,8.0558,A-6,13
water,superheated,1.80,700,superheated,0.24822,3472.6,3919.4,8.0005,A-6,13
water,superheated,2.00,700,superheated,0.22326,3471.7,3918.2,7.9509,A-6,13
water,superheated,1.60,800,superheated,0.30865,3659.5,4153.4,8.2834,A-6,13
water,superheated,1.80,800,superheated,0.27426,3658.8,4152.4,8.2284,A-6,13
water,superheated,2.00,800,superheated,0.24674,3658.0,4151.5,8.1791,A-6,13
water,superheated,1.60,900,superheated,0.33780,3852.1,4392.6,8.4965,A-6,13
water,superheated,1.80,900,superheated,0.30020,3851.5,4391.9,8.4417,A-6,13
water,superheated,2.00,900,superheated,0.27012,3850.9,4391.1,8.3925,A-6,13
water,superheated,1.60,1000,superheated,0.36687,4051.2,4638.2,8.6974,A-6,13
water,superheated,1.80,1000,superheated,0.32606,4050.7,4637.6,8.6427,A-6,13
water,superheated,2.00,1000,superheated,0.29342,4050.2,4637.1,8.5936,A-6,13
water,superheated,1.60,1100,superheated,0.39589,4256.6,4890.0,8.8878,A-6,13
water,superheated,1.80,1100,superheated,0.35188,4256.2,4889.6,8.8331,A-6,13
water,superheated,2.00,1100,superheated,0.31667,4255.7,4889.1,8.7842,A-6,13
water,superheated,1.60,1200,superheated,0.42488,4467.9,5147.7,9.0689,A-6,13
water,superheated,1.80,1200,superheated,0.37766,4467.6,5147.3,9.0143,A-6,13
water,superheated,2.00,1200,superheated,0.33989,4467.2,5147.0,8.9654,A-6,13
water,superheated,1.60,1300,superheated,0.45383,4684.8,5410.9,9.2418,A-6,13
water,superheated,1.80,1300,superheated,0.40341,4684.5,5410.6,9.1872,A-6,13
water,superheated,2.00,1300,superheated,0.36308,4684.2,5410.3,9.1384,A-6,13
water,superheated,2.50,Sat.,saturated_reference,0.07995,2602.1,2801.9,6.2558,A-6,13
water,superheated,3.00,Sat.,saturated_reference,0.06667,2603.2,2803.2,6.1856,A-6,13
water,superheated,3.50,Sat.,saturated_reference,0.05706,2603.0,2802.7,6.1244,A-6,13
water,superheated,2.50,225,superheated,0.08026,2604.8,2805.5,6.2629,A-6,13
water,superheated,2.50,250,superheated,0.08705,2663.3,2880.9,6.4107,A-6,13
water,superheated,3.00,250,superheated,0.07063,2644.7,2856.5,6.2893,A-6,13
water,superheated,3.50,250,superheated,0.05876,2624.0,2829.7,6.1764,A-6,13
water,superheated,2.50,300,superheated,0.09894,2762.2,3009.6,6.6459,A-6,13
water,superheated,3.00,300,superheated,0.08118,2750.8,2994.3,6.5412,A-6,13
water,superheated,3.50,300,superheated,0.06845,2738.8,2978.4,6.4484,A-6,13
water,superheated,2.50,350,superheated,0.10979,2852.5,3127.0,6.8424,A-6,13
water,superheated,3.00,350,superheated,0.09056,2844.4,3116.1,6.7450,A-6,13
water,superheated,3.50,350,superheated,0.07680,2836.0,3104.9,6.6601,A-6,13
water,superheated,2.50,400,superheated,0.12012,2939.8,3240.1,7.0170,A-6,13
water,superheated,3.00,400,superheated,0.09938,2933.6,3231.7,6.9235,A-6,13
water,superheated,3.50,400,superheated,0.08456,2927.2,3223.2,6.8428,A-6,13
water,superheated,2.50,450,superheated,0.13015,3026.2,3351.6,7.1768,A-6,13
water,superheated,3.00,450,superheated,0.10789,3021.2,3344.9,7.0856,A-6,13
water,superheated,3.50,450,superheated,0.09198,3016.1,3338.1,7.0074,A-6,13
water,superheated,2.50,500,superheated,0.13999,3112.8,3462.8,7.3254,A-6,13
water,superheated,3.00,500,superheated,0.11620,3108.6,3457.2,7.2359,A-6,13
water,superheated,3.50,500,superheated,0.09919,3104.5,3451.7,7.1593,A-6,13
water,superheated,2.50,600,superheated,0.15931,3288.5,3686.8,7.5979,A-6,13
water,superheated,3.00,600,superheated,0.13245,3285.5,3682.8,7.5103,A-6,13
water,superheated,3.50,600,superheated,0.11325,3282.5,3678.9,7.4357,A-6,13
water,superheated,2.50,700,superheated,0.17835,3469.3,3915.2,7.8455,A-6,13
water,superheated,3.00,700,superheated,0.14841,3467.0,3912.2,7.7590,A-6,13
water,superheated,3.50,700,superheated,0.12702,3464.7,3909.3,7.6855,A-6,13
water,superheated,2.50,800,superheated,0.19722,3656.2,4149.2,8.0744,A-6,13
water,superheated,3.00,800,superheated,0.16420,3654.3,4146.9,7.9885,A-6,13
water,superheated,3.50,800,superheated,0.14061,3652.5,4144.6,7.9156,A-6,13
water,superheated,2.50,900,superheated,0.21597,3849.4,4389.3,8.2882,A-6,13
water,superheated,3.00,900,superheated,0.17988,3847.9,4387.5,8.2028,A-6,13
water,superheated,3.50,900,superheated,0.15410,3846.4,4385.7,8.1304,A-6,13
water,superheated,2.50,1000,superheated,0.23466,4049.0,4635.6,8.4897,A-6,13
water,superheated,3.00,1000,superheated,0.19549,4047.7,4634.2,8.4045,A-6,13
water,superheated,3.50,1000,superheated,0.16751,4046.4,4632.7,8.3324,A-6,13
water,superheated,2.50,1100,superheated,0.25330,4254.7,4887.9,8.6804,A-6,13
water,superheated,3.00,1100,superheated,0.21105,4253.6,4886.7,8.5955,A-6,13
water,superheated,3.50,1100,superheated,0.18087,4252.5,4885.6,8.5236,A-6,13
water,superheated,2.50,1200,superheated,0.27190,4466.3,5146.0,8.8618,A-6,13
water,superheated,3.00,1200,superheated,0.22658,4465.3,5145.1,8.7771,A-6,13
water,superheated,3.50,1200,superheated,0.19420,4464.4,5144.1,8.7053,A-6,13
water,superheated,2.50,1300,superheated,0.29048,4683.4,5409.5,9.0349,A-6,13
water,superheated,3.00,1300,superheated,0.24207,4682.6,5408.8,8.9502,A-6,13
water,superheated,3.50,1300,superheated,0.20750,4681.8,5408.0,8.8786,A-6,13
water,superheated,4.0,Sat.,saturated_reference,0.04978,2601.7,2800.8,6.0696,A-6,14
water,superheated,4.5,Sat.,saturated_reference,0.04406,2599.7,2798.0,6.0198,A-6,14
water,superheated,5.0,Sat.,saturated_reference,0.03945,2597.0,2794.2,5.9737,A-6,14
water,superheated,4.0,275,superheated,0.05461,2668.9,2887.3,6.2312,A-6,14
water,superheated,4.5,275,superheated,0.04733,2651.4,2864.4,6.1429,A-6,14
water,superheated,5.0,275,superheated,0.04144,2632.3,2839.5,6.0571,A-6,14
water,superheated,4.0,300,superheated,0.05887,2726.2,2961.7,6.3639,A-6,14
water,superheated,4.5,300,superheated,0.05138,2713.0,2944.2,6.2854,A-6,14
water,superheated,5.0,300,superheated,0.04535,2699.0,2925.7,6.2111,A-6,14
water,superheated,4.0,350,superheated,0.06647,2827.4,3093.3,6.5843,A-6,14
water,superheated,4.5,350,superheated,0.05842,2818.6,3081.5,6.5153,A-6,14
water,superheated,5.0,350,superheated,0.05197,2809.5,3069.3,6.4516,A-6,14
water,superheated,4.0,400,superheated,0.07343,2920.8,3214.5,6.7714,A-6,14
water,superheated,4.5,400,superheated,0.06477,2914.2,3205.7,6.7071,A-6,14
water,superheated,5.0,400,superheated,0.05784,2907.5,3196.7,6.6483,A-6,14
water,superheated,4.0,450,superheated,0.08004,3011.0,3331.2,6.9386,A-6,14
water,superheated,4.5,450,superheated,0.07076,3005.8,3324.2,6.8770,A-6,14
water,superheated,5.0,450,superheated,0.06332,3000.6,3317.2,6.8210,A-6,14
water,superheated,4.0,500,superheated,0.08644,3100.3,3446.0,7.0922,A-6,14
water,superheated,4.5,500,superheated,0.07652,3096.0,3440.4,7.0323,A-6,14
water,superheated,5.0,500,superheated,0.06858,3091.8,3434.7,6.9781,A-6,14
water,superheated,4.0,600,superheated,0.09886,3279.4,3674.9,7.3706,A-6,14
water,superheated,4.5,600,superheated,0.08766,3276.4,3670.9,7.3127,A-6,14
water,superheated,5.0,600,superheated,0.07870,3273.3,3666.9,7.2605,A-6,14
water,superheated,4.0,700,superheated,0.11098,3462.4,3906.3,7.6214,A-6,14
water,superheated,4.5,700,superheated,0.09850,3460.0,3903.3,7.5647,A-6,14
water,superheated,5.0,700,superheated,0.08852,3457.7,3900.3,7.5136,A-6,14
water,superheated,4.0,800,superheated,0.12292,3650.6,4142.3,7.8523,A-6,14
water,superheated,4.5,800,superheated,0.10916,3648.8,4140.0,7.7962,A-6,14
water,superheated,5.0,800,superheated,0.09816,3646.9,4137.7,7.7458,A-6,14
water,superheated,4.0,900,superheated,0.13476,3844.8,4383.9,8.0675,A-6,14
water,superheated,4.5,900,superheated,0.11972,3843.3,4382.1,8.0118,A-6,14
water,superheated,5.0,900,superheated,0.10769,3841.8,4380.2,7.9619,A-6,14
water,superheated,4.0,1000,superheated,0.14653,4045.1,4631.2,8.2698,A-6,14
water,superheated,4.5,1000,superheated,0.13020,4043.9,4629.8,8.2144,A-6,14
water,superheated,5.0,1000,superheated,0.11715,4042.6,4628.3,8.1648,A-6,14
water,superheated,4.0,1100,superheated,0.15824,4251.4,4884.4,8.4612,A-6,14
water,superheated,4.5,1100,superheated,0.14064,4250.4,4883.2,8.4060,A-6,14
water,superheated,5.0,1100,superheated,0.12655,4249.3,4882.1,8.3566,A-6,14
water,superheated,4.0,1200,superheated,0.16992,4463.5,5143.2,8.6430,A-6,14
water,superheated,4.5,1200,superheated,0.15103,4462.6,5142.2,8.5880,A-6,14
water,superheated,5.0,1200,superheated,0.13592,4461.6,5141.3,8.5388,A-6,14
water,superheated,4.0,1300,superheated,0.18157,4680.9,5407.2,8.8164,A-6,14
water,superheated,4.5,1300,superheated,0.16140,4680.1,5406.5,8.7616,A-6,14
water,superheated,5.0,1300,superheated,0.14527,4679.3,5405.7,8.7124,A-6,14
water,superheated,6.0,Sat.,saturated_reference,0.03245,2589.9,2784.6,5.8902,A-6,14
water,superheated,7.0,Sat.,saturated_reference,0.027378,2581.0,2772.6,5.8148,A-6,14
water,superheated,8.0,Sat.,saturated_reference,0.023525,2570.5,2758.7,5.7450,A-6,14
water,superheated,6.0,300,superheated,0.03619,2668.4,2885.6,6.0703,A-6,14
water,superheated,7.0,300,superheated,0.029492,2633.5,2839.9,5.9337,A-6,14
water,superheated,8.0,300,superheated,0.024279,2592.3,2786.5,5.7937,A-6,14
water,superheated,6.0,350,superheated,0.04225,2790.4,3043.9,6.3357,A-6,14
water,superheated,7.0,350,superheated,0.035262,2770.1,3016.9,6.2305,A-6,14
water,superheated,8.0,350,superheated,0.029975,2748.3,2988.1,6.1321,A-6,14
water,superheated,6.0,400,superheated,0.04742,2893.7,3178.3,6.5432,A-6,14
water,superheated,7.0,400,superheated,0.039958,2879.5,3159.2,6.4502,A-6,14
water,superheated,8.0,400,superheated,0.034344,2864.6,3139.4,6.3658,A-6,14
water,superheated,6.0,450,superheated,0.05217,2989.9,3302.9,6.7219,A-6,14
water,superheated,7.0,450,superheated,0.044187,2979.0,3288.3,6.6353,A-6,14
water,superheated,8.0,450,superheated,0.038194,2967.8,3273.3,6.5579,A-6,14
water,superheated,6.0,500,superheated,0.05667,3083.1,3423.1,6.8826,A-6,14
water,superheated,7.0,500,superheated,0.048157,3074.3,3411.4,6.8000,A-6,14
water,superheated,8.0,500,superheated,0.041767,3065.4,3399.5,6.7266,A-6,14
water,superheated,6.0,550,superheated,0.06102,3175.2,3541.3,7.0308,A-6,14
water,superheated,7.0,550,superheated,0.051966,3167.9,3531.6,6.9507,A-6,14
water,superheated,8.0,550,superheated,0.045172,3160.5,3521.8,6.8800,A-6,14
water,superheated,6.0,600,superheated,0.06527,3267.2,3658.8,7.1693,A-6,14
water,superheated,7.0,600,superheated,0.055665,3261.0,3650.6,7.0910,A-6,14
water,superheated,8.0,600,superheated,0.048463,3254.7,3642.4,7.0221,A-6,14
water,superheated,6.0,700,superheated,0.07355,3453.0,3894.3,7.4247,A-6,14
water,superheated,7.0,700,superheated,0.062850,3448.3,3888.3,7.3487,A-6,14
water,superheated,8.0,700,superheated,0.054829,3443.6,3882.2,7.2822,A-6,14
water,superheated,6.0,800,superheated,0.08165,3643.2,4133.1,7.6582,A-6,14
water,superheated,7.0,800,superheated,0.069856,3639.5,4128.5,7.5836,A-6,14
water,superheated,8.0,800,superheated,0.061011,3635.7,4123.8,7.5185,A-6,14
water,superheated,6.0,900,superheated,0.08964,3838.8,4376.6,7.8751,A-6,14
water,superheated,7.0,900,superheated,0.076750,3835.7,4373.0,7.8014,A-6,14
water,superheated,8.0,900,superheated,0.067082,3832.7,4369.3,7.7372,A-6,14
water,superheated,6.0,1000,superheated,0.09756,4040.1,4625.4,8.0786,A-6,14
water,superheated,7.0,1000,superheated,0.083571,4037.5,4622.5,8.0055,A-6,14
water,superheated,8.0,1000,superheated,0.073079,4035.0,4619.6,7.9419,A-6,14
water,superheated,6.0,1100,superheated,0.10543,4247.1,4879.7,8.2709,A-6,14
water,superheated,7.0,1100,superheated,0.090341,4245.0,4877.4,8.1982,A-6,14
water,superheated,8.0,1100,superheated,0.079025,4242.8,4875.0,8.1350,A-6,14
water,superheated,6.0,1200,superheated,0.11326,4459.8,5139.4,8.4534,A-6,14
water,superheated,7.0,1200,superheated,0.097075,4457.9,5137.4,8.3810,A-6,14
water,superheated,8.0,1200,superheated,0.084934,4456.1,5135.5,8.3181,A-6,14
water,superheated,6.0,1300,superheated,0.12107,4677.7,5404.1,8.6273,A-6,14
water,superheated,7.0,1300,superheated,0.103781,4676.1,5402.6,8.5551,A-6,14
water,superheated,8.0,1300,superheated,0.090817,4674.5,5401.0,8.4925,A-6,14
water,superheated,9.0,Sat.,saturated_reference,0.020489,2558.5,2742.9,5.6791,A-6,14
water,superheated,10.0,Sat.,saturated_reference,0.018028,2545.2,2725.5,5.6159,A-6,14
water,superheated,12.5,Sat.,saturated_reference,0.013496,2505.6,2674.3,5.4638,A-6,14
water,superheated,9.0,325,superheated,0.023284,2647.6,2857.1,5.8738,A-6,14
water,superheated,10.0,325,superheated,0.019877,2611.6,2810.3,5.7596,A-6,14
water,superheated,9.0,350,superheated,0.025816,2725.0,2957.3,6.0380,A-6,14
water,superheated,10.0,350,superheated,0.022440,2699.6,2924.0,5.9460,A-6,14
water,superheated,12.5,350,superheated,0.016138,2624.9,2826.6,5.7130,A-6,14
water,superheated,9.0,400,superheated,0.029960,2849.2,3118.8,6.2876,A-6,14
water,superheated,10.0,400,superheated,0.026436,2833.1,3097.5,6.2141,A-6,14
water,superheated,12.5,400,superheated,0.020030,2789.6,3040.0,6.0433,A-6,14
water,superheated,9.0,450,superheated,0.033524,2956.3,3258.0,6.4872,A-6,14
water,superheated,10.0,450,superheated,0.029782,2944.5,3242.4,6.4219,A-6,14
water,superheated,12.5,450,superheated,0.023019,2913.7,3201.5,6.2749,A-6,14
water,superheated,9.0,500,superheated,0.036793,3056.3,3387.4,6.6603,A-6,14
water,superheated,10.0,500,superheated,0.032811,3047.0,3375.1,6.5995,A-6,14
water,superheated,12.5,500,superheated,0.025630,3023.2,3343.6,6.4651,A-6,14
water,superheated,9.0,550,superheated,0.039885,3153.0,3512.0,6.8164,A-6,14
water,superheated,10.0,550,superheated,0.035655,3145.4,3502.0,6.7585,A-6,14
water,superheated,12.5,550,superheated,0.028033,3126.1,3476.5,6.6317,A-6,14
water,superheated,9.0,600,superheated,0.042861,3248.4,3634.1,6.9605,A-6,14
water,superheated,10.0,600,superheated,0.038378,3242.0,3625.8,6.9045,A-6,14
water,superheated,12.5,600,superheated,0.030306,3225.8,3604.6,6.7828,A-6,14
water,superheated,9.0,650,superheated,0.045755,3343.4,3755.2,7.0954,A-6,14
water,superheated,10.0,650,superheated,0.041018,3338.0,3748.1,7.0408,A-6,14
water,superheated,12.5,650,superheated,0.032491,3324.1,3730.2,6.9227,A-6,14
water,superheated,9.0,700,superheated,0.048589,3438.8,3876.1,7.2229,A-6,14
water,superheated,10.0,700,superheated,0.043597,3434.0,3870.0,7.1693,A-6,14
water,superheated,12.5,700,superheated,0.034612,3422.0,3854.6,7.0540,A-6,14
water,superheated,9.0,800,superheated,0.054132,3632.0,4119.2,7.4606,A-6,14
water,superheated,10.0,800,superheated,0.048629,3628.2,4114.5,7.4085,A-6,14
water,superheated,12.5,800,superheated,0.038724,3618.8,4102.8,7.2967,A-6,14
water,superheated,9.0,900,superheated,0.059562,3829.6,4365.7,7.6802,A-6,14
water,superheated,10.0,900,superheated,0.053547,3826.5,4362.0,7.6290,A-6,14
water,superheated,12.5,900,superheated,0.042720,3818.9,4352.9,7.5195,A-6,14
water,superheated,9.0,1000,superheated,0.064919,4032.4,4616.7,7.8855,A-6,14
water,superheated,10.0,1000,superheated,0.058391,4029.9,4613.8,7.8349,A-6,14
water,superheated,12.5,1000,superheated,0.046641,4023.5,4606.5,7.7269,A-6,14
water,superheated,9.0,1100,superheated,0.070224,4240.7,4872.7,8.0791,A-6,14
water,superheated,10.0,1100,superheated,0.063183,4238.5,4870.3,8.0289,A-6,14
water,superheated,12.5,1100,superheated,0.050510,4233.1,4864.5,7.9220,A-6,14
water,superheated,9.0,1200,superheated,0.075492,4454.2,5133.6,8.2625,A-6,14
water,superheated,10.0,1200,superheated,0.067938,4452.4,5131.7,8.2126,A-6,14
water,superheated,12.5,1200,superheated,0.054342,4447.7,5127.0,8.1065,A-6,14
water,superheated,9.0,1300,superheated,0.080733,4672.9,5399.5,8.4371,A-6,14
water,superheated,10.0,1300,superheated,0.072667,4671.3,5398.0,8.3874,A-6,14
water,superheated,12.5,1300,superheated,0.058147,4667.3,5394.1,8.2819,A-6,14
water,superheated,15.0,Sat.,saturated_reference,0.010341,2455.7,2610.8,5.3108,A-6,15
water,superheated,17.5,Sat.,saturated_reference,0.007932,2390.7,2529.5,5.1435,A-6,15
water,superheated,20.0,Sat.,saturated_reference,0.005862,2294.8,2412.1,4.9310,A-6,15
water,superheated,15.0,350,superheated,0.011481,2520.9,2693.1,5.4438,A-6,15
water,superheated,15.0,400,superheated,0.015671,2740.6,2975.7,5.8819,A-6,15
water,superheated,17.5,400,superheated,0.012463,2684.3,2902.4,5.7211,A-6,15
water,superheated,20.0,400,superheated,0.009950,2617.9,2816.9,5.5526,A-6,15
water,superheated,15.0,450,superheated,0.018477,2880.8,3157.9,6.1434,A-6,15
water,superheated,17.5,450,superheated,0.015204,2845.4,3111.4,6.0212,A-6,15
water,superheated,20.0,450,superheated,0.012721,2807.3,3061.7,5.9043,A-6,15
water,superheated,15.0,500,superheated,0.020828,2998.4,3310.8,6.3480,A-6,15
water,superheated,17.5,500,superheated,0.017385,2972.4,3276.7,6.2424,A-6,15
water,superheated,20.0,500,superheated,0.014793,2945.3,3241.2,6.1446,A-6,15
water,superheated,15.0,550,superheated,0.022945,3106.2,3450.4,6.5230,A-6,15
water,superheated,17.5,550,superheated,0.019305,3085.8,3423.6,6.4266,A-6,15
water,superheated,20.0,550,superheated,0.016571,3064.7,3396.2,6.3390,A-6,15
water,superheated,15.0,600,superheated,0.024921,3209.3,3583.1,6.6796,A-6,15
water,superheated,17.5,600,superheated,0.021073,3192.5,3561.3,6.5890,A-6,15
water,superheated,20.0,600,superheated,0.018185,3175.3,3539.0,6.5075,A-6,15
water,superheated,15.0,650,superheated,0.026804,3310.1,3712.1,6.8233,A-6,15
water,superheated,17.5,650,superheated,0.022742,3295.8,3693.8,6.7366,A-6,15
water,superheated,20.0,650,superheated,0.019695,3281.4,3675.3,6.6593,A-6,15
water,superheated,15.0,700,superheated,0.028621,3409.8,3839.1,6.9573,A-6,15
water,superheated,17.5,700,superheated,0.024342,3397.5,3823.5,6.8735,A-6,15
water,superheated,20.0,700,superheated,0.021134,3385.1,3807.8,6.7991,A-6,15
water,superheated,15.0,800,superheated,0.032121,3609.3,4091.1,7.2037,A-6,15
water,superheated,17.5,800,superheated,0.027405,3599.7,4079.3,7.1237,A-6,15
water,superheated,20.0,800,superheated,0.023870,3590.1,4067.5,7.0531,A-6,15
water,superheated,15.0,900,superheated,0.035503,3811.2,4343.7,7.4288,A-6,15
water,superheated,17.5,900,superheated,0.030348,3803.5,4334.6,7.3511,A-6,15
water,superheated,20.0,900,superheated,0.026484,3795.7,4325.4,7.2829,A-6,15
water,superheated,15.0,1000,superheated,0.038808,4017.1,4599.2,7.6378,A-6,15
water,superheated,17.5,1000,superheated,0.033215,4010.7,4592.0,7.5616,A-6,15
water,superheated,20.0,1000,superheated,0.029020,4004.3,4584.7,7.4950,A-6,15
water,superheated,15.0,1100,superheated,0.042062,4227.7,4858.6,7.8339,A-6,15
water,superheated,17.5,1100,superheated,0.036029,4222.3,4852.8,7.7588,A-6,15
water,superheated,20.0,1100,superheated,0.031504,4216.9,4847.0,7.6933,A-6,15
water,superheated,15.0,1200,superheated,0.045279,4443.1,5122.3,8.0192,A-6,15
water,superheated,17.5,1200,superheated,0.038806,4438.5,5117.6,7.9449,A-6,15
water,superheated,20.0,1200,superheated,0.033952,4433.8,5112.9,7.8802,A-6,15
water,superheated,15.0,1300,superheated,0.048469,4663.3,5390.3,8.1952,A-6,15
water,superheated,17.5,1300,superheated,0.041556,4659.2,5386.5,8.1215,A-6,15
water,superheated,20.0,1300,superheated,0.036371,4655.2,5382.7,8.0574,A-6,15
water,superheated,25.0,375,superheated,0.001978,1799.9,1849.4,4.0345,A-6,15
water,superheated,30.0,375,superheated,0.001792,1738.1,1791.9,3.9313,A-6,15
water,superheated,35.0,375,superheated,0.001701,1702.8,1762.4,3.8724,A-6,15
water,superheated,25.0,400,superheated,0.006005,2428.5,2578.7,5.1400,A-6,15
water,superheated,30.0,400,superheated,0.002798,2068.9,2152.8,4.4758,A-6,15
water,superheated,35.0,400,superheated,0.002105,1914.9,1988.6,4.2144,A-6,15
water,superheated,25.0,425,superheated,0.007886,2607.8,2805.0,5.4708,A-6,15
water,superheated,30.0,425,superheated,0.005299,2452.9,2611.8,5.1473,A-6,15
water,superheated,35.0,425,superheated,0.003434,2253.3,2373.5,4.7751,A-6,15
water,superheated,25.0,450,superheated,0.009176,2721.2,2950.6,5.6759,A-6,15
water,superheated,30.0,450,superheated,0.006737,2618.9,2821.0,5.4422,A-6,15
water,superheated,35.0,450,superheated,0.004957,2497.5,2671.0,5.1946,A-6,15
water,superheated,25.0,500,superheated,0.011143,2887.3,3165.9,5.9643,A-6,15
water,superheated,30.0,500,superheated,0.008691,2824.0,3084.8,5.7956,A-6,15
water,superheated,35.0,500,superheated,0.006933,2755.3,2997.9,5.6331,A-6,15
water,superheated,25.0,550,superheated,0.012736,3020.8,3339.2,6.1816,A-6,15
water,superheated,30.0,550,superheated,0.010175,2974.5,3279.7,6.0403,A-6,15
water,superheated,35.0,550,superheated,0.008348,2925.8,3218.0,5.9093,A-6,15
water,superheated,25.0,600,superheated,0.014140,3140.0,3493.5,6.3637,A-6,15
water,superheated,30.0,600,superheated,0.011445,3103.4,3446.8,6.2373,A-6,15
water,superheated,35.0,600,superheated,0.009523,3065.6,3399.0,6.1229,A-6,15
water,superheated,25.0,650,superheated,0.015430,3251.9,3637.7,6.5243,A-6,15
water,superheated,30.0,650,superheated,0.012590,3221.7,3599.4,6.4074,A-6,15
water,superheated,35.0,650,superheated,0.010565,3190.9,3560.7,6.3030,A-6,15
water,superheated,25.0,700,superheated,0.016643,3359.9,3776.0,6.6702,A-6,15
water,superheated,30.0,700,superheated,0.013654,3334.3,3743.9,6.5599,A-6,15
water,superheated,35.0,700,superheated,0.011523,3308.3,3711.6,6.4623,A-6,15
water,superheated,25.0,800,superheated,0.018922,3570.7,4043.8,6.9322,A-6,15
water,superheated,30.0,800,superheated,0.015628,3551.2,4020.0,6.8301,A-6,15
water,superheated,35.0,800,superheated,0.013278,3531.6,3996.3,6.7409,A-6,15
water,superheated,25.0,900,superheated,0.021075,3780.2,4307.1,7.1668,A-6,15
water,superheated,30.0,900,superheated,0.017473,3764.6,4288.8,7.0695,A-6,15
water,superheated,35.0,900,superheated,0.014904,3749.0,4270.6,6.9853,A-6,15
water,superheated,25.0,1000,superheated,0.023150,3991.5,4570.2,7.3821,A-6,15
water,superheated,30.0,1000,superheated,0.019240,3978.6,4555.8,7.2880,A-6,15
water,superheated,35.0,1000,superheated,0.016450,3965.8,4541.5,7.2069,A-6,15
water,superheated,25.0,1100,superheated,0.025172,4206.1,4835.4,7.5825,A-6,15
water,superheated,30.0,1100,superheated,0.020954,4195.2,4823.9,7.4906,A-6,15
water,superheated,35.0,1100,superheated,0.017942,4184.4,4812.4,7.4118,A-6,15
water,superheated,25.0,1200,superheated,0.027157,4424.6,5103.5,7.7710,A-6,15
water,superheated,30.0,1200,superheated,0.022630,4415.3,5094.2,7.6807,A-6,15
water,superheated,35.0,1200,superheated,0.019398,4406.1,5085.0,7.6034,A-6,15
water,superheated,25.0,1300,superheated,0.029115,4647.2,5375.1,7.9494,A-6,15
water,superheated,30.0,1300,superheated,0.024279,4639.2,5367.6,7.8602,A-6,15
water,superheated,35.0,1300,superheated,0.020827,4631.2,5360.2,7.7841,A-6,15
water,superheated,40.0,375,superheated,0.001641,1677.0,1742.6,3.8290,A-6,15
water,superheated,50.0,375,superheated,0.001560,1638.6,1716.6,3.7642,A-6,15
water,superheated,60.0,375,superheated,0.001503,1609.7,1699.9,3.7149,A-6,15
water,superheated,40.0,400,superheated,0.001911,1855.0,1931.4,4.1145,A-6,15
water,superheated,50.0,400,superheated,0.001731,1787.8,1874.4,4.0029,A-6,15
water,superheated,60.0,400,superheated,0.001633,1745.2,1843.2,3.9317,A-6,15
water,superheated,40.0,425,superheated,0.002538,2097.5,2199.0,4.5044,A-6,15
water,superheated,50.0,425,superheated,0.002009,1960.3,2060.7,4.2746,A-6,15
water,superheated,60.0,425,superheated,0.001816,1892.9,2001.8,4.1630,A-6,15
water,superheated,40.0,450,superheated,0.003692,2364.2,2511.8,4.9449,A-6,15
water,superheated,50.0,450,superheated,0.002487,2160.3,2284.7,4.5896,A-6,15
water,superheated,60.0,450,superheated,0.002086,2055.1,2180.2,4.4140,A-6,15
water,superheated,40.0,500,superheated,0.005623,2681.6,2906.5,5.4744,A-6,15
water,superheated,50.0,500,superheated,0.003890,2528.1,2722.6,5.1762,A-6,15
water,superheated,60.0,500,superheated,0.002952,2393.2,2570.3,4.9356,A-6,15
water,superheated,40.0,550,superheated,0.006985,2875.1,3154.4,5.7857,A-6,15
water,superheated,50.0,550,superheated,0.005118,2769.5,3025.4,5.5563,A-6,15
water,superheated,60.0,550,superheated,0.003955,2664.6,2901.9,5.3517,A-6,15
water,superheated,40.0,600,superheated,0.008089,3026.8,3350.4,6.0170,A-6,15
water,superheated,50.0,600,superheated,0.006108,2947.1,3252.6,5.8245,A-6,15
water,superheated,60.0,600,superheated,0.004833,2866.8,3156.8,5.6527,A-6,15
water,superheated,40.0,650,superheated,0.009053,3159.5,3521.6,6.2078,A-6,15
water,superheated,50.0,650,superheated,0.006957,3095.6,3443.5,6.0373,A-6,15
water,superheated,60.0,650,superheated,0.005591,3031.3,3366.8,5.8867,A-6,15
water,superheated,40.0,700,superheated,0.009930,3282.0,3679.2,6.3740,A-6,15
water,superheated,50.0,700,superheated,0.007717,3228.7,3614.6,6.2179,A-6,15
water,superheated,60.0,700,superheated,0.006265,3175.4,3551.3,6.0814,A-6,15
water,superheated,40.0,800,superheated,0.011521,3511.8,3972.6,6.6613,A-6,15
water,superheated,50.0,800,superheated,0.009073,3472.2,3925.8,6.5225,A-6,15
water,superheated,60.0,800,superheated,0.007456,3432.6,3880.0,6.4033,A-6,15
water,superheated,40.0,900,superheated,0.012980,3733.3,4252.5,6.9107,A-6,15
water,superheated,50.0,900,superheated,0.010296,3702.0,4216.8,6.7819,A-6,15
water,superheated,60.0,900,superheated,0.008519,3670.9,4182.1,6.6725,A-6,15
water,superheated,40.0,1000,superheated,0.014360,3952.9,4527.3,7.1355,A-6,15
water,superheated,50.0,1000,superheated,0.011441,3927.4,4499.4,7.0131,A-6,15
water,superheated,60.0,1000,superheated,0.009504,3902.0,4472.2,6.9099,A-6,15
water,superheated,40.0,1100,superheated,0.015686,4173.7,4801.1,7.3425,A-6,15
water,superheated,50.0,1100,superheated,0.012534,4152.2,4778.9,7.2244,A-6,15
water,superheated,60.0,1100,superheated,0.010439,4130.9,4757.3,7.1255,A-6,15
water,superheated,40.0,1200,superheated,0.016976,4396.9,5075.9,7.5357,A-6,15
water,superheated,50.0,1200,superheated,0.013590,4378.6,5058.1,7.4207,A-6,15
water,superheated,60.0,1200,superheated,0.011339,4360.5,5040.8,7.3248,A-6,15
water,superheated,40.0,1300,superheated,0.018239,4623.3,5352.8,7.7175,A-6,15
water,superheated,50.0,1300,superheated,0.014620,4607.5,5338.5,7.6048,A-6,15
water,superheated,60.0,1300,superheated,0.012213,4591.8,5324.5,7.5111,A-6,15
